text,is_fake,is_hate_speech,is_toxic
studio satlive sprechen heute stefan schulte vorstandsvorsitzenden fraportag lage frankfurter flughafen bundespräsident steinmeier übergibt mainz welterbeurkunde unesco frühere zentren jüdischer gelehrsamkeit rlp,0,-1,-1
gigi einfach überhaupt lust mehr lucas gigi ibes,0,-1,-1
österreich bundespräsident vanderbellen amtszeit angelobt worden grundsätzlich gehaltenen rede hob hervor wichtig intakte medienlandschaft funktionieren demokratie warnte gefahren fakenews,0,-1,-1
mindestlohn pro stunde vietnam,0,-1,-1
gretathunberg kapitalismus überwinden greta klimahysteriker grüne vorfeldorganisationen sollten ohren schreiben,0,-1,-1
ja schlimmer eigenmächtig irgcterrorists treffen dan verarschen ja mitgliedstaaten bürgerinnen josepeborellsupportsirgc,0,-1,-1
ab uhr spiele bernimad minütigen wechsel survival horror titel callistothegame spielen pulsmesser brauchen bestrafung höchsten puls habt ideen game werbung thecallistoprotocol,0,-1,-1
gerhard kardinal müller gott leugnet folgen klar jakobinischer terrorismus gulagterrorismus auschwitzlager killing fields katyn abtreibung euthanasie,0,-1,-1
deutscher bundeskanzler scholz kündigte plan ausbau windkraft,0,-1,-1
jährige dichterin politische aktivistin nasimshahbazi wurde revolutionsgarden verhaftet leiche wurde gefunden unhrc pahlavireza amnesty abaerbock zdfheute zdf mahsaamini factfinding,0,-1,-1
volles haus gestern kundgebung bayernpartei tanner wachsmarkt schützenkeller themen heute wurde klar mehr entscheidungen ort bayern statt weltfremder berliner politik hubertdornbp thomaspfefferbp,0,-1,-1
drostenluegt,0,-1,-1
vielen dank dkp baerbockruecktritt karlsruhe bundesverfassungsgericht baerbock kriegsverbrecherin ukraine notmywar openpetition dkpmedia,0,-1,-1
erdbeben fehlt erdogan eu insbesondere deutschland schweden verschiebung tektonischer platten verantwortlich macht,0,-1,-1
schnell infektionskrankheiten ausbreiten stellen experiment dabei hilft exponentielle ausbreitung krankheiten verdeutlichen,0,-1,-1
verheerenden erdbeben türkei syrien hunderte menschen vermisst suchgruppe fliegt  montag köln krisengebiet,0,-1,-1
stimmt ungeheuerlich angeblich menschenrechte hochhaltende gesellschaft diskussionen abtreibung christlichfundamentalistischen kreisen heraus darauf aufmerksam gemacht abtreibung kleine menschen tötet inhaltlicher bullshit,0,-1,-1
zeit parität statements initiative paritätjetzt kfddiözesanvorstandes bistum trier mitmachen geht rm wahlrechtsreform gleichundberechtigt frauenworaufwartetihr bundestag,0,-1,-1
irgendein kommandeur mörderischen mullahregimes prahlt land widerstands zentrum erzeugung macht bummm iranrevoiution irgcterrorists,0,-1,-1
polen jahre alt wurde eigenen onkel vergewaltigt dadurch schwanger trotzdem lehnen zwei krankenhäuser ab abtreibung durchzuführen möglich macht sogenannte gewissensklausel,0,-1,-1
eu beschliesst gaspreisdeckel mwh reutersdie deckelung ausgelöst preis gasmarkt pro mwh aufeinanderfolgenden tagen überschreitet ziemlich deutlich schwellenwert ab,0,-1,-1
jin jiyan azadi frau leben freiheit zan zendegi azadi berlinerensemble vorverkauf heute morgen begonnen vorfreude jazmatab melikaforoutan gildasahebi mahsaamini iranrevolution stopexecutioniniran irgcterrorists,0,-1,-1
ernährungssicherung vergangenen jahr deutsche gpräsidentschaft geprägt neues dashboard daten ernährungsunsicherheiten krisenregionen liefern worldbank gafspfund überzeugt fachleute sehen eher kritisch,0,-1,-1
euenergieminister grundsätzlich einführung gaspreisdeckel,0,-1,-1
eigene untersuchung beschlossengpk nehmen berset visier mal vorstellen bundespräsident schweiz bundeshaus bern blickch,0,-1,-1
via travelbookde erdbeben türkei urlauber gefahr verhalten,0,-1,-1
ganzen diskussion elektrofahrzeuge vermisse betrachtung öllieferkette wieso erdöl fördern transportieren raffinieren tankstellen verteilen plötzlich unbedenklich wer vergessen tropfen erdöl liter wasser verunreinigt,0,-1,-1
sportvereine räume hoffnung bundespräsident frankwalter steinmeier heutigen verleihung goldenen sternedessports gänsehautfeeling vorstellung ausgezeichneten vereine projekten bvrpresse sternedessports dosbsportentw,0,-1,-1
erlebe grüne migrationswunder habeck baerbock scholz,0,-1,-1
verkehrswende steckt stau fdp erweckt eindruck wolle fahrlässig verzögern,0,-1,-1
studie klimawandel fördert ausbreitung krankheiten,0,-1,-1
norden syrien disaster uauf hilfe ausland angewiesenein gebiet millionen syrische binnenflüchtlinge katastrophalen verhältnissen lebeneine regiondie welt vergessen hatwas geschieht potus bundeskanzler vonderleyen,0,-1,-1
eu einigt gaspreisdeckel,0,-1,-1
mitarbeiter oh unbekannte email anhang schaue unbedingt stunde später infizierte computer ransomware plötzlich verschlüsselt totaler kontrollverlust firma interne prozesse dasproblemistoftvordemcomputer,0,-1,-1
sonja jan freuen ibes,0,-1,-1
abtreibung abstellraum drei frauen flensburg berichten,0,-1,-1
beiden heute abend supporten callcentercordalis ibes,0,-1,-1
hft stuttgart lehrbeauftragter mwd einführung informatik gesucht studium informatik karriere hftstuttgart,0,-1,-1
möchte nochmals thread hinweisen aufschlüsselt weshalb personen listung irgc getroffen wären durchschnittsbürger zufällig grundwehrdienst revolutionsgarde versehen iranrevolution irgcterrorists,0,-1,-1
erdbeben richterskala tuerkei schweres beben syrien bitte umfassende hilfe aufbieten erschütterungen extrem stark,0,-1,-1
gibt viele corona demonstration impfung vermisse demonstrationen entschädigung deutschland steuer zahlenden betriebe geht gesetze berufs arbeitsverbot erhalten,0,-1,-1
herzlichen glückwunsch grammy erhalten morgen bekommen iran zurück unseren stimmen geschafft shervin grammy bekommt unseren stimmen islamische republik gemeinsam stürzen irgcterrorists,0,-1,-1
news erdbeben todeszahl türkei syrien steigt via derspiegel,0,-1,-1
verbrechen tötung menschen islamische terrorregime iran mahsa amini irgcterrorists,0,-1,-1
widerliche sozi bundespräsident nichtmeinbundespräsident,0,-1,-1
eu irgcterrorists,0,-1,-1
außenministerinnen g gewalt demonstranten kinder iran verurteilt verlangten freilassung protestierenden neue sanktionen wurden beschlossen drohten weiteren strafmaßnahmen iranprotests mahsaamini,0,-1,-1
lithiumtechnik amp wasser video zeigt passieren innenleben lithium basierenden kleinen batterie wasser kontakt kommt ganz schön überwältigend darf demnach durchaus fragen sicher elektrofahrzeuge,0,-1,-1
homedejavu stücke montiereisen reifenheber reifen mehrzweck robust montiereisen montierhebel montierstange reifen fahrräder motorräder wagen elektrofahrzeuge x x cm silber via amazon amazondeamazon,0,-1,-1
türkei dankte elon musk angebot starlinksatellitenunterstützung berichtete kapazität türksat ausreichend sei bloomberg,0,-1,-1
geht los unsichtbare bots zitieren mal tweet sieht nix elon musk plattform unlustigen ideen zerstört,0,-1,-1
münsterischen hotels laufen vorbereitungen gtreffen hochtouren hotel außenministerium gleich komplett gebucht münster,0,-1,-1
wissen schnellladestandort elektrofahrzeuge,0,-1,-1
erdbeben türkei earthquakeinturkey earthquake earthquaketurkey earthquakes turkey,0,-1,-1
meinung warme wohnung darf luxus findet proglrichard chaostruppe berlin endlich arbeiten beginnen bislang ausser ankündigungen sogut geschehen energiekrise gasumlage,0,-1,-1
bundespräsident alexander van bellen heute früh kiew angekommen nachmittag vorfeld freitag geplanten euukrainegipfels wolodymyr selenskyj treffen minister kocher gewessler sowie österreichische,0,-1,-1
team infinity belegt platz first lego league magdeburg ganzen artikel,0,-1,-1
polizeiautos rettungswagen kehrmaschinen elektrofahrzeuge geht orten längst realität beispiel borkum,0,-1,-1
mindestlohn anheben ssw bietet madsen zusammenarbeit,0,-1,-1
kommentar irgcterrorists iran israel,0,-1,-1
bayernpartei neue grundsteuererklärung unnötiger bürokratieirrsinn via napresseportal ots immobilien news,0,-1,-1
immer sagen verliert ukraine krieg eu ende immer verzögert blockiert bundeskanzler ruiniert ansehen,0,-1,-1
grippenet app beobachtet analysiert visualisiert ausbreitung krankheiten dfki,0,-1,-1
grossvater büb wolfgang schwarz kennt arzt approbation verloren jungen mädchen abtreibung geholfen bringen hans hansemannstrasse,0,-1,-1
deutschland sowas afd bundestag sitzt mehr beschämment hitlers gedankengut stirbt leider,0,-1,-1
energie euenergieminister gaspreisdeckel by handelsblatt,0,-1,-1
wenigen punkte bundespräsident vollkommen frei entscheidung alexander van bellen fpö deren chef herbert kickl wahlsieg automatisch auftrag regierungsbildung erteilen,0,-1,-1
thgquote thg prämie verkaufe cozertifikate elektrofahrzeuge,0,-1,-1
social distancing tierreich tierarten schimpansen honigbienen kennen pardon darum geht ausbreitung krankheiten verhindern via natgeo,0,-1,-1
revolutionsgarde euterrorliste irgcterrorists iranprotests iranianwomen,0,-1,-1
österreich müssen gestehen unsere armee jahren finanzieller aushungerung vernachlässigt wüsste waffen liefern könnten sagt bundespräsident vanderbellen,0,-1,-1
einkäufe sonstigen einzelhandel wären ebenso unmöglich anwesenheit arbeitsplatz lese korrekt steht geschrieben tatsächlicher einführung arbeitsverbot ungeimpfte herrschte sachsen kretschmer corona coronaverordnung,0,-1,-1
typisches beispiel warum christen propagierte seamless garment lebensschutz suspekt seiten abtreibungschwangerschaft kommen kommt nennenswerte anzahl ganzheitlichen christlichen lebensschützern,0,-1,-1
fkn elonmusk sei dank schade twitterdotcom wirklich toller platz gerade freaks wirklich missende bot programmiert lieb geworden fu elonmusk,0,-1,-1
gender pay gap frauen verdienten pro stunde weniger männer via napresseportal ots wirtschaft news,0,-1,-1
risiko ausbreitung steigt rapide wobei jahr mehr fünf neue krankheiten beim menschen auftreten denen potenzial pandemie bericht zufolge wäre jedoch falsch wildtiere auftreten,0,-1,-1
brauchen rechtsextremisten bundestag noafd wannwachtihrauf afdmachtdumm,0,-1,-1
argumente katja diehl annewill annewilltalk ard bundestag,0,-1,-1
selenskyj verhängt sanktionen österreichische firmen bundespräsident vanderbellen fährt brav zeigt solidarität ukrainekrieg,0,-1,-1
warum denkt elon musk mars erfolgreich bessere mittel wege roten planeten verbindung treten exfrau,0,-1,-1
wegen ausbreitung covid tirol staatsanwaltschaft innsbruck ermittlungsverfahren eingeleitet gericht ermittelt wegen gefährdung menschen übertragbare krankheiten,0,-1,-1
türkei janine wissler übersteht erdbebenkatastrophe diyarbakir spiegel aprizionde,0,-1,-1
bundespraesident frankwalter steinmeier worms erneut m jüdichen kippa unterwegs zählt schon kulturelle aneignung zudem vermisse unserem staatsoberhaupt religiöse neutralität staatsdienern dienst verlangt bild sz welt,0,-1,-1
annalena baerbock grüne lange überlegt heutige verkleidung angeht eigentlich leopard kommen sorge kanzleramt wochenlang reisegenehmigung erteilt deutscher humor kriegszeiten,0,-1,-1
reden mann csu darum geht leistung zeigen dünn bayernpartei freiesbayern,0,-1,-1
zusammen zulieferer entwickelt audi feinstaubfilter elektrofahrzeuge feinstaub umgebung auffangen passiert ladens fahrt filter schon beitragen luftqualität verbessern,0,-1,-1
scholz bundeskanzler spdde olafscholz panzler scholz macht druck verbündete niemand leos liefern,0,-1,-1
neuer beitrag usa abtreibung mehr alabama arte reportage artede wissen,0,-1,-1
immer begeistert teilnahmen informatikbiber aktuell ersten grundschulbiber schulen d welt reisenden biber schweden,0,-1,-1
tagesschau mehr zerstörerisch sagt überlebender stadt beira mosambik zyklon idai mehr zerstört helfer befürchten ausbreitung krankheiten,0,-1,-1
schwangerschaft abtreibung grad gehört ne exkollegin schon kinder letztes jahr unverhofft schwanger wurde abgetrieben schwanger abtreiben familienplanung weiß wäre verhüten einfacher,0,-1,-1
möchte falsche christliche religion blossstellen,0,-1,-1
gedanken opfern erdbebens angehörigen erdbeben,0,-1,-1
presseclub freudscher versprecher unintelligent baerbock weiß cathryn clüver asbrook einfach mehr atombombe schneller dabei,0,-1,-1
ep bericht menschenrechte angenommen darin herrschende ideologische durcheinander deutlich abtreibung gut recht frau schlecht instrument selektion diskriminierung,0,-1,-1
global mio elektrofahrzeuge fahren zzt mio ölnachfrage verhältnis wachstum wesentlich sinken bedarf öl produktion anderer materialien transport bevölkerungswachstum auswirkungen efahrzeugen aufheben,0,-1,-1
junge insta stories erdbeben türkei geantwortet wünschte umarmen musst voll aufgebracht bro wtf,0,-1,-1
schwangerschaftsabbruch japan woche legal abtreibung abtreibungspille frauen frauenrechte gesundheit japan japannews nachrichten news schwangerschaftsabbruch selbstbestimmung zulassung,0,-1,-1
folge bugged frage elonmusk,0,-1,-1
jahrzehnte bundestag dürfte geben,0,-1,-1
istanbul nachrichten ostukraine bekommst wohlauf seist erdbeben türkei,0,-1,-1
überraschung tages nehme angebot dankend kenntnis sagt bundespräsident lehnt rücktrittsangebot bundesregierung ab bundesversammlung,0,-1,-1
entschuldigung abgelehnt bestrafung verlangt,0,-1,-1
manchmal boden desinfiziert ausbreitung krankheiten kultur sogar beim menschen verhindern,0,-1,-1
millionen euro eingesammelt deutsche firma elon musk all konkurrenz,0,-1,-1
brauchen rechtsextremisten bundestag noafd wannwachtihrauf afdmachtdumm,0,-1,-1
hamidehzeraei rasht seit monaten gefängnis karadsch wurde gefoltert richter asef alhosseini salavati vorliebe verhängen todesurteilen vorgeführt iranrevolution irgcterrorists,0,-1,-1
familienministerin lisa paul verbot abtreibung aufheben familienministerin lisa paus komplette abschaffung abtreibungsparagrafen vorgeschlagen vorstoß frau paus dammbruch verständnis menschlichen leben,0,-1,-1
rigorose bestrafung un menschen,0,-1,-1
katastrophen verheerende erdbeben türkei syrien,0,-1,-1
alarmierend informatik fristet dt schulen nischendasein gegensatz fast europäischen ländern informatik pflichtunterricht anbieten deutschland schülern informatische grundbildung garantieren heiseonline,0,-1,-1
gender pay gap frauen ostdeutschland verdienen mehr männer zeit online,0,-1,-1
frau faesers qualität ministerin wahlkampf allgemeine qualität sozialliberalökologischen ampel sicher erfüllen aktuellen standard zusätzlich teppiche klöppeln bundestag dekorieren bildhauerkurs besuchen,0,-1,-1
deutscher bundestag schluss xxlbundestag abgeordnete genug unterschreiben via changeger,0,-1,-1
internationalen forschungsteam halilsabanci millionen datenpunkte ausgewertet herauszufinden wer ursprung genderpaygap studie berücksichtigt daten ländern amp wurde naturehumbehav veröffentlicht,0,-1,-1
genialer schachzug elon musk kommt rücktritt twitterchef herum einfach wort hält,0,-1,-1
verwaltungsgericht antrag schönbohm arbeitsverbot,0,-1,-1
dutzende menschen sterben erdbeben türkei drama ansage monatelang zuvor forscher davor gewarnt niemand hörte,0,-1,-1
verkleinerungsdebatte bundestag ampelvorschlag kürzt parteien gleich unionsvorschlag kürzt bevorteilt union fordert union kompromiss gleich mehr dazwischen kompromiss bevorzugt union,0,-1,-1
karaoke bar besitzerin nebenverdienst bundestag goals,0,-1,-1
ja jtrittin ja wäre guter inhalt nächste rede bundestag vonovia vergesellschaftung enteignung,0,-1,-1
hpi hassoplattnerinstitut vorbereiten bundeswettbewerb informatik fitforbwinfcamp hpi potsdam,0,-1,-1
erdbeben türkei kurdistan syrien nacht montag kam massiven erdbeben nahen osten mehreren hundert tote rojava möglichkeit rettung unterstützen kurdischen roten halbmond spenden,0,-1,-1
costco gasoline san diego ca,0,-1,-1
danke bundeskanzler,0,-1,-1
eugh vorratsdatenspeicherung rechtswidrig sagen datenschutz grundrecht,0,-1,-1
faeser harte bestrafung chaoten,0,-1,-1
kachelmann schön sagt dumm bayernpartei,0,-1,-1
wohnungsbau geld vorhanden bundeskanzler,0,-1,-1
new video by phoenix parteipressekonferenz fdp bijan djirsarai sebastian czaja,0,-1,-1
münchen fdp landtag staatsregierung folgen coronaauflagen sexarbeiterinnen untersuchen lassen arbeitsverbot sexarbeit illegalität verlagert sei hebel sexuelle ausbeutung geworden,0,-1,-1
erdbeben türkei katastrophe menschen erdogan willkommene wahlkampfhilfe macher inszeniert eu willkommen schweden finnland menschen verdienen hilfe erdogan verdient,0,-1,-1
bedrohung zerstörung lebensräumen naturkatastrophen ausbreitung krankheiten befeuerung kriegen menschen schon flucht gezwungen fordern lebenswerte welt keingradweiter wirhabenplatz,0,-1,-1
varta geplanten aufbau batteriefabrik elektrofahrzeuge gestoppt begründung energie rohstoffpreise sowie pandemiebedingte produktionsunterbrechungen kundenseite genannt mehr unseren batterynews,0,-1,-1
herr bundeskanzler frau abaerbock sagen europarat coe achten menschenrechte bieten julian assange asyl deutschland auswaertigesamt freeassange freeassangenow dropthecharges,0,-1,-1
wünschen mamas wunderbaren muttertag,0,-1,-1
massive probleme kartenzahlungen digitale euro abschaffung bargeld unbedingt verhindert gläserne steuerbare gesellschaft bargeldistfreiheit bayernpartei freiesbayern ffb,0,-1,-1
omg sehe gerade tagesschau ersten mal bilder aktuellen erdbeben grenze türkei syrien furchtbar,0,-1,-1
braunschweig religiöse minderheit fanfarenklänge bekommt kommt bundesregierung allmählich jahrhundert gute nachricht trennung religion politik selbstverständlichkeit ratbs,0,-1,-1
fpö hafenecker bundespräsident van bellen problematisches amtsverständnis überdenken,0,-1,-1
bayernpartei berlin freibierlätschn republik via napresseportal ots politik news,0,-1,-1
michael hajesch chef betreibers europas größtem schnellladenetz elektrofahrzeuge erwartet dynamischere entwicklung stromkosten,0,-1,-1
ehemalige gefängnisinsassin schottland beschreibt tägliche realität duschen zellen transfrauen teilen müssen wegen häuslicher gewalt mordes verurteilt wurden exakte definition grausamer erniedrigender bestrafung,0,-1,-1
gstaaten verfolgung russischer kriegsverbrechen ukraine besser koordinieren kriegsverbrechen dürfen ungesühnt bleiben egal wer begangen egal begangen worden justizminister buschmann,0,-1,-1
katastrophenerdbeben türkei syrien tote earthquake e via youtube,0,-1,-1
baerbock minuten annalenateam ukraine krieg zusammenscha via youtube,0,-1,-1
gottesdienste veranstaltungen sankt johannis forchheim sonntag uhr gottesdienst st johannis evangluth st johanniskirche felix stöhler religion veranstaltungen forchheim hausen kersbach,0,-1,-1
elonmusk möchte tesla,0,-1,-1
post bestellt elektrolieferwagen ford türkei ende sollen fahrzeuge ausgeliefert beide unternehmen montag mitteilten finanzielle volumen auftrags wurde,0,-1,-1
elonmusk verbreitet propaganda ukraine fast ua deutsche soldaten bundeswehr getötet wurden afd linke bisher bemerkt deutsche soldaten gestorben vergangenen monaten,0,-1,-1
sonja eigentlich geheimen twitter account sicherlich dauerhaft lucas darf könig werdentweeten ibes,0,-1,-1
finanz informatik gmbh amp co kg sucht cyber security analyst cdc mwd hannover bewerben jobs hannover cyber security analyst finanz,0,-1,-1
thema niemehrcducsu drückt masken reichsbuerger vergewaltigunginderehe abtreibung bescheuert,0,-1,-1
warnungen geologen zb naci görür celal engör lange zeit berücksichtigt wurden ursachen führten katastrophen ergebnissen,0,-1,-1
bitte herr bundespräsident herbert kickl angeloben schadet österreich ganzen welt,0,-1,-1
heute prozess jährigen demonstrierenden armitaabbasi inhaftierung wurde brutal missbraucht letztes jahr gab größeren bericht sexuelle gewalt bestrafung seitens ircgterrorists jinaamini jinjiyanazadi,0,-1,-1
baerbock bekam preis strack zimmermann kam böse königinoder darstellen sofort nosferatu denken,0,-1,-1
zuletzt blamage bundespräsident frankwalter steinmeier jüngst amtseinführung aufwartung machte hoffnungsträger würdigte lula vorzeigedemokrat teamheimat,0,-1,-1
panik davos elon musk gerade wef zerstört livestream clayton morris via echsfrau,0,-1,-1
erdbeben türkei dramatisch wünsche betroffenen menschen ort kraft umso schlimmer attilahildmann querdenker verschwörungsassis verbreiten dabei menschengemachte angriffe handelt traurig,0,-1,-1
ricardalang meinung fräulein breit äh lang unsere nächste bundeskanzler inin,0,-1,-1
anzeige bayernpartei aufstellung freut freiheitliche konservative stimme schmerzhaft bayern vermisst,0,-1,-1
demokratie putsch hochverrat enteignung ausbürgerung bestraft erst recht ermordung regierungsmitgliedern geplant deutschland bestrafung vorgesehen rollatorputsch sprechen unangemessen,0,-1,-1
drei punkte spd frau cducsu bundestag gerade opposition,0,-1,-1
ks testet elektrofahrzeuge tage,0,-1,-1
syrien erdbeben türkei türkei,0,-1,-1
offener kooperativer internationaler club klima g klimaclub leben gerufen klimaschutz ambitioniert global voranzubringen gger,0,-1,-1
land bibel strassen elektrofahrzeuge aufladen,0,-1,-1
darf vorstellen steffenkotre ehemals fdp heute afd bundestag weiteren fragen ehren,0,-1,-1
gaspreisdeckel beschlossen eu via handelsblatt boersenzeitung,0,-1,-1
maßnahmen bmfsfj genderpaygap einleiten möchte via allesevolution,0,-1,-1
lithiumtechnik amp wasser english video zeigt passieren innenleben lithium basierenden batterie wasser kontakt kommt sicher elektrofahrzeuge deren batterie deutlich größer sowie mehr lithium enthält,0,-1,-1
de fighting stigma gender pay gap frauen verdienen prozent weniger männer newszone lohnunterschied männern frauen kleiner schere armut reichtum geht immer auseinander,0,-1,-1
euenergieministern montag beschlossene gaspreisdeckel euro pro megawattstunde angaben deutschen bundeswirtschaftsministeriums relativ flexibel deu energie,0,-1,-1
hallo herr reitschuster verstanden rüstet zwei panzerbataillone ukraine finde fair deutschen kriegshelden benannt deshalb vorschlag panzerbataillion baerbock panzerbattallion ronzheimer,0,-1,-1
kourimaus oma mutter wäre wäre schlimmste bestrafung droht zimmer aufräumen darf nen tag pokemon spielen pokemon spielt xd,0,-1,-1
tausende polizeikräfte gtreffens münster einsatz gmuenster,0,-1,-1
nahrung bekanntes ergebnis monokulturen massive ausbreitung krankheiten,0,-1,-1
schülerinnen kurdischen javanerud ruf khameneis tod iranrevoiution irgcterrorists,0,-1,-1
strengeren waffengesetze schützen jäger sammler weitere verschärfung waffenrecht trifft ohnehin diejenigen schon geltenden regeln halten,0,-1,-1
aufarbeitung korruptionsskandals euparlament darf bestrafung individuellen fehlverhaltens erschöpfen geht darum schlüsse f d arbeitsweisen euparlaments ziehen d vertrauen d bürger erodiert,0,-1,-1
oh nein fingernägel lackieren schlimme bestrafung,0,-1,-1
erdbeben türkei syrien mehr tote,0,-1,-1
faeser kündigt konsequenzen silvesternacht schnelle bestrafung täter verschärftes waffenrecht bessere sozialarbeit innenministerin faeser kündigt besuch feuerwache neukölln entschiedene reaktionen silvesterkrawalle,0,-1,-1
gute nacht khamenehi mörder irgc terrorist weiß ganze welt irgcterrorists iranrevoiution mahsaamini bundeskanzler abaerbock emmanuelmacron jamescleverly josepborrellf foad ghadimi diwandarre geschossen wurde,0,-1,-1
cumex hamburger untersuchungausschuss lädt zeugen bundestag,0,-1,-1
seit heute morgen versuchen angehörige freunde erreichen bestürzt auswirkungen erdbeben türkei syrien gedanken opfern deren angehörigen stunden steht humanitäre hilfe mittelpunkt,0,-1,-1
empfehlenswerter videobeitrag peterklien gutenachtoe lage iran wunsch freiheit iranrevolution jina mahsaamini irgcterrorists,0,-1,-1
herr unserm himmel gott konnte kindergarten spiel turkey syria ansehen erdbeben eingesetzt habt davon,0,-1,-1
na philipp bundestag heute,0,-1,-1
deutsche maoisten wählt bayernpartei,0,-1,-1
frauenrechte sicherheit privileg,0,-1,-1
grüße bundestag,0,-1,-1
angenommen sagt wirklich roman beiden tagen jeweils titel verteidigen wäre bestrafung cody rhodes royalrumble,0,-1,-1
echt idee warum mauricehoefgen ökonom nennt wirklich referent bundestag passt ja blendend alter falter schlecht nichtsverstanden finanzierung,0,-1,-1
eu beschließt gaspreisdeckel,0,-1,-1
drostenluegt furchtbar,0,-1,-1
cn schwangerschaft abbruch frau schwanger kind passiert abtreibung pfuh fragerunde abendedition ach sehne zeit midiwolke farbe himmels gefragt,0,-1,-1
ukrainekrieg gestern nachrichten abfrage europäer leo bestand bundeskanzler zusage portugal erhalten immer deutschen einprügeln gibt mehr staaten europa,0,-1,-1
kreativen prozess natur nutzen einstieg simulierte evolution java neuer artikel heiko spindler heikospindler java,0,-1,-1
steinmeiersbegnadigungen klage bundespräsidenten geht oberverwaltungsgericht bundespräsident menschen begnadigen straftaten begangen öffentlicher kontrolle unterliegt dabei,0,-1,-1
krieg geschwächte gebäude stürzen stunden erdbeben aleppo viertel al zbadia,0,-1,-1
spendenaufruf wann morgen dienstag uhr stadion kreuzeiche winterkleidung hygieneartikel windeln babynahrung decken bestenfalls beschrifteten kartons ansprechpartner turgay dogan unserssverdbeben türkei,0,-1,-1
kollege alexisfavre rtsinfrarouge versucht alainberset vergleich fall pierremaudet reserve locken bundespräsident lächelt frage stark druck morgen thema spitzen bundesratsparteien srfarena,0,-1,-1
frauenanteil führungsebenen rückläufig chefpositionen weiblich besetzt erhebung fondsfrauen analysiert zehnte position frau besetzt genderpaygap assetmanagement,0,-1,-1
lol bayern pflicht abschaffen elektrofahrzeuge grüne plakette müssen statt einfach nochmal zumindest selbstverständlichkeit hinzuweisen ausnahme schaffen zusätzliche bürokratie bedeutet wahlkampfgeschiss,0,-1,-1
wieso drostenluegt lügt drosten etwa drostenluegt wäre gut gar gut überhaupt gut drostenluegt,0,-1,-1
wann genug herr bundespräsident vanderbellen,0,-1,-1